word,frequency,year
will,62,2006
america,38,2006
world,27,2006
us,22,2006
people,21,2006
must,20,2006
american,18,2006
country,17,2006
economy,16,2006
can,16,2006
nation,15,2006
freedom,15,2006
also,14,2006
new,13,2006
every,12,2006
congress,12,2006
years,11,2006
year,11,2006
tonight,11,2006
one,11,2006
make,11,2006
government,10,2006
act,10,2006
support,10,2006
lead,10,2006
life,10,2006
yet,10,2006
americans,10,2006
fight,9,2006
security,9,2006
members,9,2006
great,9,2006
hopeful,9,2006
citizens,9,2006
two,8,2006
energy,8,2006
tax,8,2006
know,8,2006
society,8,2006
never,8,2006
competitive,8,2006
military,8,2006
like,8,2006
good,8,2006
need,8,2006
hope,8,2006
states,8,2006
united,7,2006
men,7,2006
nations,7,2006
honor,7,2006
last,7,2006
keeping,7,2006
future,7,2006
children,7,2006
now,7,2006
economic,7,2006
history,7,2006
work,7,2006
reform,7,2006
research,7,2006
women,7,2006
goal,6,2006
half,6,2006
take,6,2006
come,6,2006
health,6,2006
justice,6,2006
another,6,2006
together,6,2006
help,6,2006
jobs,6,2006
requires,6,2006
terror,6,2006
ask,6,2006
iraq,6,2006
keep,6,2006
federal,6,2006
human,6,2006
retreat,6,2006
iraqi,6,2006
terrorists,6,2006
way,6,2006
day,6,2006
science,6,2006
offensive,6,2006
middle,6,2006
better,6,2006
show,6,2006
peace,6,2006
fellow,6,2006
terrorist,5,2006
math,5,2006
east,5,2006
let,5,2006
parties,5,2006
americas,5,2006
public,5,2006
victory,5,2006
first,5,2006
seek,5,2006
many,5,2006
spending,5,2006
time,5,2006
institutions,5,2006
use,5,2006
toward,5,2006
national,5,2006
continue,5,2006
power,5,2006
crime,4,2006
alone,4,2006
fear,4,2006
needs,4,2006
initiative,4,2006
friends,4,2006
put,4,2006
secure,4,2006
efforts,4,2006
liberty,4,2006
iraqis,4,2006
cut,4,2006
temporary,4,2006
even,4,2006
fighting,4,2006
move,4,2006
courage,4,2006
confront,4,2006
opportunity,4,2006
responsibility,4,2006
working,4,2006
stronger,4,2006
helping,4,2006
drug,4,2006
respect,4,2006
murder,4,2006
confident,4,2006
problem,4,2006
enemy,4,2006
increase,4,2006
made,4,2006
choose,4,2006
build,4,2006
technology,4,2006
well,4,2006
leadership,4,2006
end,4,2006
percent,4,2006
serve,4,2006
aids,4,2006
alternative,4,2006
iran,4,2006
direction,4,2006
sources,4,2006
death,4,2006
relief,4,2006
grateful,4,2006
care,4,2006
always,4,2006
compassion,4,2006
forces,4,2006
law,4,2006
home,4,2006
enemies,4,2006
democracies,4,2006
encourage,4,2006
billion,4,2006
today,4,2006
forget,3,2006
insurance,3,2006
road,3,2006
system,3,2006
progress,3,2006
medical,3,2006
pledge,3,2006
killed,3,2006
reduce,3,2006
past,3,2006
open,3,2006
protect,3,2006
rising,3,2006
deliver,3,2006
oil,3,2006
allies,3,2006
qaeda,3,2006
challenge,3,2006
live,3,2006
2001,3,2006
change,3,2006
others,3,2006
democracy,3,2006
million,3,2006
child,3,2006
attacks,3,2006
left,3,2006
families,3,2006
protecting,3,2006
vital,3,2006
areas,3,2006
defeat,3,2006
creating,3,2006
action,3,2006
school,3,2006
elections,3,2006
compete,3,2006
program,3,2006
back,3,2006
weapons,3,2006
permanent,3,2006
abroad,3,2006
democratic,3,2006
baby,3,2006
propose,3,2006
remain,3,2006
get,3,2006
start,3,2006
raise,3,2006
save,3,2006
forward,3,2006
youth,3,2006
small,3,2006
give,3,2006
generation,3,2006
far,3,2006
control,3,2006
suffering,3,2006
courts,3,2006
dan,3,2006
next,3,2006
budget,3,2006
isolationism,3,2006
urge,3,2006
ensure,3,2006
trade,3,2006
nuclear,3,2006
washington,3,2006
bring,3,2006
standards,3,2006
want,3,2006
prosperity,3,2006
without,3,2006
right,3,2006
terrorism,3,2006
strengthen,3,2006
leaders,3,2006
behind,3,2006
pass,3,2006
character,3,2006
special,3,2006
al,3,2006
since,3,2006
social,3,2006
cost,3,2006
showing,3,2006
president,3,2006
business,3,2006
authority,3,2006
love,3,2006
cause,3,2006
taken,3,2006
mass,3,2006
11,2,2006
destruction,2,2006
breakthroughs,2,2006
natural,2,2006
presidents,2,2006
funding,2,2006
individuals,2,2006
costs,2,2006
diseases,2,2006
within,2,2006
radicalism,2,2006
essential,2,2006
networks,2,2006
across,2,2006
buy,2,2006
commitments,2,2006
september,2,2006
teach,2,2006
throughout,2,2006
conscience,2,2006
agenda,2,2006
dangerous,2,2006
superb,2,2006
clean,2,2006
accepted,2,2006
encouraging,2,2006
evil,2,2006
depends,2,2006
old,2,2006
basic,2,2006
supreme,2,2006
worth,2,2006
decades,2,2006
reconstruction,2,2006
growth,2,2006
resentment,2,2006
replace,2,2006
troops,2,2006
easier,2,2006
dozen,2,2006
egypt,2,2006
allowing,2,2006
switch,2,2006
safe,2,2006
serious,2,2006
freedoms,2,2006
differences,2,2006
promise,2,2006
train,2,2006
corruption,2,2006
feed,2,2006
achieve,2,2006
king,2,2006
courses,2,2006
larger,2,2006
experience,2,2006
worker,2,2006
advance,2,2006
bench,2,2006
decisions,2,2006
values,2,2006
lebanon,2,2006
malaria,2,2006
nearly,2,2006
welfare,2,2006
millions,2,2006
dramatically,2,2006
regime,2,2006
lost,2,2006
culture,2,2006
house,2,2006
faced,2,2006
set,2,2006
raising,2,2006
war,2,2006
still,2,2006
europe,2,2006
longterm,2,2006
provide,2,2006
fallen,2,2006
young,2,2006
businesses,2,2006
meet,2,2006
afghanistan,2,2006
speak,2,2006
early,2,2006
markets,2,2006
failed,2,2006
announce,2,2006
state,2,2006
lives,2,2006
afford,2,2006
used,2,2006
welcome,2,2006
unprecedented,2,2006
orleans,2,2006
10,2,2006
challenges,2,2006
cuts,2,2006
away,2,2006
60,2,2006
hands,2,2006
ethanol,2,2006
advanced,2,2006
technologies,2,2006
deserve,2,2006
reach,2,2006
recognize,2,2006
win,2,2006
look,2,2006
stopped,2,2006
wear,2,2006
privilege,2,2006
sacrifices,2,2006
deep,2,2006
long,2,2006
operatives,2,2006
living,2,2006
embryos,2,2006
story,2,2006
organized,2,2006
single,2,2006
high,2,2006
gift,2,2006
entitlements,2,2006
attack,2,2006
bipartisan,2,2006
believe,2,2006
innovation,2,2006
finish,2,2006
break,2,2006
border,2,2006
elected,2,2006
education,2,2006
court,2,2006
personal,2,2006
everywhere,2,2006
political,2,2006
prevent,2,2006
african,2,2006
boldly,2,2006
violent,2,2006
may,2,2006
equal,2,2006
determined,2,2006
disaster,2,2006
iranian,2,2006
third,2,2006
boom,2,2006
retirement,2,2006
leaving,2,2006
cars,2,2006
directly,2,2006
duty,2,2006
ideals,2,2006
decline,2,2006
protection,2,2006
union,2,2006
professionals,2,2006
enforcement,2,2006
proud,2,2006
spirit,2,2006
affordable,2,2006
medicare,2,2006
worry,2,2006
responsible,2,2006
bin,2,2006
among,2,2006
faithful,2,2006
invest,2,2006
commitment,2,2006
committed,2,2006
global,2,2006
dismiss,2,2006
palestinian,2,2006
going,2,2006
written,2,2006
hivaids,2,2006
reforms,2,2006
face,2,2006
dream,2,2006
levels,2,2006
plan,2,2006
immigration,2,2006
leave,2,2006
seem,2,2006
difference,2,2006
helped,2,2006
staff,2,2006
debates,2,2006
sure,2,2006
increasingly,2,2006
called,2,2006
longer,2,2006
turn,2,2006
coverage,2,2006
medicaid,2,2006
point,2,2006
islam,2,2006
noble,2,2006
improve,2,2006
officials,2,2006
strong,2,2006
regions,2,2006
coalition,2,2006
sergeant,2,2006
join,2,2006
turning,2,2006
rejects,2,2006
laden,2,2006
growing,2,2006
interests,2,2006
criticism,2,2006
cases,2,2006
clear,2,2006
role,2,2006
comes,2,2006
hiv,2,2006
forms,2,2006
surveillance,2,2006
renew,2,2006
making,2,2006
just,2,2006
seeing,2,2006
talent,2,2006
uniform,2,2006
makes,2,2006
opposition,2,2006
recent,2,2006
slavery,2,2006
offer,2,2006
workers,2,2006
constitution,2,2006
second,2,2006
success,2,2006
radical,2,2006
see,2,2006
building,2,2006
competitiveness,2,2006
rights,2,2006
voted,2,2006
trafficking,2,2006
commission,2,2006
borders,2,2006
passed,2,2006
stay,2,2006
vote,2,2006
hopeless,2,2006
nothing,2,2006
places,2,2006
choices,2,2006
ethical,2,2006
reauthorize,2,2006
peaceful,2,2006
programs,2,2006
aid,1,2006
strategy,1,2006
involved,1,2006
paths,1,2006
period,1,2006
sense,1,2006
john,1,2006
students,1,2006
difficult,1,2006
letter,1,2006
stakes,1,2006
fought,1,2006
desperate,1,2006
troubled,1,2006
corps,1,2006
humane,1,2006
certain,1,2006
applying,1,2006
calls,1,2006
poorly,1,2006
north,1,2006
lowest,1,2006
outcompete,1,2006
reality,1,2006
pursuing,1,2006
writing,1,2006
sale,1,2006
impact,1,2006
14,1,2006
chips,1,2006
electric,1,2006
revolution,1,2006
based,1,2006
desire,1,2006
threshold,1,2006
environment,1,2006
concerns,1,2006
doctorpatient,1,2006
7000,1,2006
expire,1,2006
strengthening,1,2006
vice,1,2006
somehow,1,2006
earmark,1,2006
dreams,1,2006
remains,1,2006
privatesector,1,2006
occur,1,2006
white,1,2006
become,1,2006
rally,1,2006
factory,1,2006
marking,1,2006
originating,1,2006
succeeds,1,2006
overcome,1,2006
4,1,2006
patriot,1,2006
rigorous,1,2006
minds,1,2006
strive,1,2006
standard,1,2006
international,1,2006
inviting,1,2006
greatest,1,2006
increases,1,2006
85,1,2006
hydrogen,1,2006
hatred,1,2006
defeating,1,2006
industrialized,1,2006
pressing,1,2006
lisa,1,2006
much,1,2006
grounding,1,2006
genocide,1,2006
seen,1,2006
hardworking,1,2006
bush,1,2006
chance,1,2006
boomers,1,2006
knew,1,2006
brave,1,2006
dictatorship,1,2006
medicine,1,2006
6,1,2006
coretta,1,2006
return,1,2006
commerce,1,2006
already,1,2006
fail,1,2006
blow,1,2006
journey,1,2006
2009,1,2006
simply,1,2006
comrade,1,2006
quality,1,2006
122,1,2006
choosing,1,2006
expects,1,2006
resentments,1,2006
develop,1,2006
find,1,2006
reduces,1,2006
run,1,2006
medicines,1,2006
decade,1,2006
defeatism,1,2006
savings,1,2006
safer,1,2006
harden,1,2006
plans,1,2006
heavy,1,2006
expect,1,2006
sights,1,2006
infant,1,2006
call,1,2006
tie,1,2006
coming,1,2006
hybrids,1,2006
hindsight,1,2006
ideology,1,2006
expand,1,2006
roberts,1,2006
doomed,1,2006
1970s,1,2006
miles,1,2006
invite,1,2006
totalitarian,1,2006
fleeing,1,2006
nonsecurity,1,2006
counsel,1,2006
waiting,1,2006
judges,1,2006
thanks,1,2006
force,1,2006
bomb,1,2006
disasters,1,2006
played,1,2006
said,1,2006
learned,1,2006
nanotechnology,1,2006
mourning,1,2006
parents,1,2006
anxious,1,2006
india,1,2006
uncertainty,1,2006
stewards,1,2006
stand,1,2006
immigrants,1,2006
bills,1,2006
fulfilling,1,2006
launch,1,2006
dont,1,2006
devalued,1,2006
proposal,1,2006
abandoning,1,2006
egregious,1,2006
records,1,2006
dropped,1,2006
guest,1,2006
levees,1,2006
everyone,1,2006
supercomputing,1,2006
automobiles,1,2006
ends,1,2006
dots,1,2006
despair,1,2006
determine,1,2006
oppression,1,2006
pretending,1,2006
broader,1,2006
30000,1,2006
effort,1,2006
previous,1,2006
founding,1,2006
cloning,1,2006
protectionists,1,2006
failure,1,2006
sam,1,2006
activist,1,2006
complacent,1,2006
chapter,1,2006
marks,1,2006
threats,1,2006
addressed,1,2006
legally,1,2006
shutting,1,2006
inclusive,1,2006
honorable,1,2006
woman,1,2006
grades,1,2006
880,1,2006
combined,1,2006
hostage,1,2006
ambitions,1,2006
acts,1,2006
abuses,1,2006
fears,1,2006
mom,1,2006
massive,1,2006
comfort,1,2006
competition,1,2006
begins,1,2006
prohibit,1,2006
battlefield,1,2006
coalfired,1,2006
accountable,1,2006
politics,1,2006
tough,1,2006
thing,1,2006
lawsuits,1,2006
laws,1,2006
deny,1,2006
adoption,1,2006
false,1,2006
reagan,1,2006
creative,1,2006
zero,1,2006
additional,1,2006
mission,1,2006
share,1,2006
abandon,1,2006
spend,1,2006
category,1,2006
rapid,1,2006
continuing,1,2006
office,1,2006
senate,1,2006
tyranny,1,2006
dad,1,2006
godgiven,1,2006
reaction,1,2006
belief,1,2006
means,1,2006
evening,1,2006
cleaner,1,2006
conduct,1,2006
acknowledge,1,2006
projects,1,2006
faster,1,2006
fine,1,2006
allowed,1,2006
creativity,1,2006
humanity,1,2006
gets,1,2006
grows,1,2006
envy,1,2006
distinguished,1,2006
wife,1,2006
aggressively,1,2006
placed,1,2006
issues,1,2006
interest,1,2006
strains,1,2006
ink,1,2006
compassionate,1,2006
excel,1,2006
european,1,2006
78,1,2006
fund,1,2006
struggle,1,2006
credit,1,2006
shortchanging,1,2006
retreating,1,2006
bound,1,2006
consequence,1,2006
mandatory,1,2006
draw,1,2006
able,1,2006
optimistic,1,2006
related,1,2006
tone,1,2006
winning,1,2006
empire,1,2006
examine,1,2006
incredible,1,2006
kind,1,2006
born,1,2006
stagnant,1,2006
times,1,2006
wind,1,2006
placement,1,2006
classrooms,1,2006
140,1,2006
physical,1,2006
created,1,2006
playing,1,2006
corn,1,2006
villager,1,2006
advice,1,2006
unstable,1,2006
main,1,2006
unravel,1,2006
22,1,2006
reject,1,2006
zimbabwe,1,2006
vigorous,1,2006
defend,1,2006
month,1,2006
performing,1,2006
assaulted,1,2006
prison,1,2006
strongholds,1,2006
memory,1,2006
korea,1,2006
amnesty,1,2006
generate,1,2006
nominate,1,2006
capability,1,2006
experiments,1,2006
approved,1,2006
push,1,2006
shelter,1,2006
lists,1,2006
dark,1,2006
steady,1,2006
worthy,1,2006
wider,1,2006
desert,1,2006
deficits,1,2006
insurgent,1,2006
poverty,1,2006
leading,1,2006
strategic,1,2006
preparing,1,2006
conspiracy,1,2006
moving,1,2006
discarded,1,2006
decide,1,2006
five,1,2006
marine,1,2006
competitors,1,2006
transformation,1,2006
arm,1,2006
emergency,1,2006
edge,1,2006
scores,1,2006
address,1,2006
proven,1,2006
discretionary,1,2006
overwhelmed,1,2006
quiet,1,2006
god,1,2006
complicit,1,2006
danger,1,2006
little,1,2006
brutal,1,2006
promising,1,2006
striking,1,2006
intentions,1,2006
212,1,2006
3,1,2006
decrease,1,2006
hit,1,2006
continued,1,2006
feel,1,2006
hijackers,1,2006
comforted,1,2006
directing,1,2006
lincoln,1,2006
abstinence,1,2006
changes,1,2006
moments,1,2006
secondguessing,1,2006
partisan,1,2006
congresses,1,2006
opportunities,1,2006
lineitem,1,2006
willing,1,2006
hopes,1,2006
affiliates,1,2006
closest,1,2006
disarm,1,2006
luther,1,2006
wrote,1,2006
roadside,1,2006
step,1,2006
plants,1,2006
row,1,2006
immediate,1,2006
1500,1,2006
prior,1,2006
disruption,1,2006
creates,1,2006
impose,1,2006
mobility,1,2006
led,1,2006
path,1,2006
faith,1,2006
groups,1,2006
allows,1,2006
dc,1,2006
debating,1,2006
thank,1,2006
stalks,1,2006
favorite,1,2006
lady,1,2006
dramatic,1,2006
higher,1,2006
24,1,2006
london,1,2006
explore,1,2006
assembly,1,2006
rates,1,2006
practice,1,2006
defining,1,2006
strength,1,2006
undercut,1,2006
private,1,2006
mindful,1,2006
job,1,2006
territories,1,2006
try,1,2006
worse,1,2006
producing,1,2006
martin,1,2006
aims,1,2006
marginalized,1,2006
require,1,2006
errors,1,2006
existed,1,2006
syria,1,2006
seriously,1,2006
overseas,1,2006
big,1,2006
imported,1,2006
movement,1,2006
decent,1,2006
lining,1,2006
presidency,1,2006
broad,1,2006
lasting,1,2006
sara,1,2006
gathered,1,2006
including,1,2006
staggering,1,2006
advantage,1,2006
gain,1,2006
almost,1,2006
loans,1,2006
approach,1,2006
segregation,1,2006
changed,1,2006
performance,1,2006
girls,1,2006
sciences,1,2006
grow,1,2006
scott,1,2006
minorities,1,2006
turned,1,2006
traditions,1,2006
clay,1,2006
best,1,2006
implanting,1,2006
appropriate,1,2006
walling,1,2006
protected,1,2006
feet,1,2006
confidently,1,2006
mr,1,2006
graceful,1,2006
falling,1,2006
late,1,2006
responsibly,1,2006
especially,1,2006
shut,1,2006
branches,1,2006
succeed,1,2006
democrat,1,2006
solar,1,2006
beslan,1,2006
oppressive,1,2006
dependence,1,2006
miscalculated,1,2006
wood,1,2006
counties,1,2006
upholds,1,2006
skill,1,2006
duties,1,2006
conflict,1,2006
crisis,1,2006
along,1,2006
weapon,1,2006
cheney,1,2006
truman,1,2006
homes,1,2006
disease,1,2006
reliable,1,2006
displaced,1,2006
ultimately,1,2006
pleased,1,2006
misguided,1,2006
employees,1,2006
answer,1,2006
insurgency,1,2006
alito,1,2006
wait,1,2006
tackle,1,2006
saved,1,2006
2006,1,2006
repressing,1,2006
part,1,2006
spreading,1,2006
marriage,1,2006
saudi,1,2006
firm,1,2006
books,1,2006
development,1,2006
losing,1,2006
elite,1,2006
true,1,2006
lonely,1,2006
defying,1,2006
resources,1,2006
historic,1,2006
rostrum,1,2006
assistance,1,2006
talking,1,2006
bolder,1,2006
treated,1,2006
connect,1,2006
authorized,1,2006
oconnor,1,2006
zarqawi,1,2006
benefits,1,2006
retirements,1,2006
courageous,1,2006
corners,1,2006
beloved,1,2006
kept,1,2006
selling,1,2006
gains,1,2006
brutality,1,2006
often,1,2006
fortunately,1,2006
capable,1,2006
sold,1,2006
hesitate,1,2006
arc,1,2006
destiny,1,2006
heat,1,2006
birmingham,1,2006
concerned,1,2006
inherit,1,2006
prevented,1,2006
educated,1,2006
conducted,1,2006
eased,1,2006
protectionism,1,2006
wide,1,2006
buying,1,2006
liberated,1,2006
kennedy,1,2006
obgyn,1,2006
carried,1,2006
recover,1,2006
caring,1,2006
sometimes,1,2006
statute,1,2006
grass,1,2006
less,1,2006
sudden,1,2006
petroleumbased,1,2006
cheaper,1,2006
liberation,1,2006
wise,1,2006
removing,1,2006
lifting,1,2006
legislation,1,2006
track,1,2006
centralizing,1,2006
captured,1,2006
jo,1,2006
benefited,1,2006
accept,1,2006
held,1,2006
refugee,1,2006
clearing,1,2006
rejected,1,2006
moral,1,2006
word,1,2006
debris,1,2006
department,1,2006
disunity,1,2006
chaos,1,2006
roosevelt,1,2006
steps,1,2006
veto,1,2006
passing,1,2006
though,1,2006
telephone,1,2006
free,1,2006
pollutionfree,1,2006
intelligence,1,2006
investors,1,2006
ground,1,2006
defeated,1,2006
churches,1,2006
dome,1,2006
consequential,1,2006
offered,1,2006
selma,1,2006
necessary,1,2006
redefine,1,2006
husband,1,2006
gives,1,2006
meeting,1,2006
bud,1,2006
anger,1,2006
rage,1,2006
balance,1,2006
vision,1,2006
include,1,2006
1945,1,2006
wisdom,1,2006
tactics,1,2006
understand,1,2006
coast,1,2006
influence,1,2006
offices,1,2006
laura,1,2006
test,1,2006
words,1,2006
option,1,2006
however,1,2006
excluded,1,2006
lack,1,2006
dads,1,2006
advantages,1,2006
tests,1,2006
entered,1,2006
methods,1,2006
shape,1,2006
produce,1,2006
reunion,1,2006
china,1,2006
falter,1,2006
tools,1,2006
humananimal,1,2006
elderly,1,2006
repairing,1,2006
highwage,1,2006
principles,1,2006
field,1,2006
felt,1,2006
batteries,1,2006
ago,1,2006
present,1,2006
driving,1,2006
served,1,2006
level,1,2006
speaker,1,2006
legislate,1,2006
46,1,2006
anything,1,2006
teenage,1,2006
seize,1,2006
gear,1,2006
service,1,2006
dynamic,1,2006
closer,1,2006
stays,1,2006
division,1,2006
uphold,1,2006
debate,1,2006
suspected,1,2006
historical,1,2006
refuses,1,2006
politicians,1,2006
beginning,1,2006
attention,1,2006
poor,1,2006
record,1,2006
practical,1,2006
signal,1,2006
outproduce,1,2006
betray,1,2006
rule,1,2006
entire,1,2006
capitol,1,2006
milestone,1,2006
sit,1,2006
expansion,1,2006
eastern,1,2006
serves,1,2006
5,1,2006
japan,1,2006
given,1,2006
caused,1,2006
enough,1,2006
clinton,1,2006
adults,1,2006
selfgovernment,1,2006
spent,1,2006
shores,1,2006
birth,1,2006
investment,1,2006
major,1,2006
family,1,2006
ideological,1,2006
2025,1,2006
haven,1,2006
problems,1,2006
finding,1,2006
add,1,2006
infections,1,2006
offering,1,2006
stigma,1,2006
emission,1,2006
spread,1,2006
relentless,1,2006
chosen,1,2006
oppressed,1,2006
involves,1,2006
75,1,2006
relationship,1,2006
liability,1,2006
parts,1,2006
gave,1,2006
double,1,2006
girl,1,2006
knowledge,1,2006
smuggling,1,2006
achieved,1,2006
charge,1,2006
19,1,2006
challenging,1,2006
adjusted,1,2006
found,1,2006
reward,1,2006
appeal,1,2006
policies,1,2006
constitutional,1,2006
patenting,1,2006
accounts,1,2006
captive,1,2006
victories,1,2006
function,1,2006
pursue,1,2006
confirming,1,2006
republican,1,2006
isolating,1,2006
arabia,1,2006
secondrate,1,2006
dangers,1,2006
declared,1,2006
teachers,1,2006
periods,1,2006
mothers,1,2006
three,1,2006
nationwide,1,2006
cuttingedge,1,2006
wrong,1,2006
dull,1,2006
imports,1,2006
diplomatic,1,2006
evidence,1,2006
doctors,1,2006
attackers,1,2006
infiltration,1,2006
horrors,1,2006
beyond,1,2006
presidential,1,2006
uninterrupted,1,2006
complex,1,2006
invited,1,2006
addiction,1,2006
supports,1,2006
camps,1,2006
gone,1,2006
developing,1,2006
claims,1,2006
sectors,1,2006
respects,1,2006
money,1,2006
creator,1,2006
upward,1,2006
prices,1,2006
informed,1,2006
electronic,1,2006
volunteer,1,2006
servants,1,2006
2030,1,2006
sandra,1,2006
faithbased,1,2006
streets,1,2006
discouraged,1,2006
communications,1,2006
pessimists,1,2006
number,1,2006
necessity,1,2006
advances,1,2006
surrender,1,2006
troop,1,2006
lacking,1,2006
closely,1,2006
perversion,1,2006
multiparty,1,2006
territory,1,2006
impossible,1,2006
information,1,2006
partner,1,2006
neighbors,1,2006
permit,1,2006
schools,1,2006
solutions,1,2006
dedicating,1,2006
rich,1,2006
destination,1,2006
unknown,1,2006
gulf,1,2006
fallujah,1,2006
treatable,1,2006
burma,1,2006
portable,1,2006
treat,1,2006
immense,1,2006
demands,1,2006
candor,1,2006
targets,1,2006
abortions,1,2006
taxpayer,1,2006
hear,1,2006
critical,1,2006
sovereignty,1,2006
earth,1,2006
decisive,1,2006
chambers,1,2006
aside,1,2006
isolation,1,2006
achievement,1,2006
israel,1,2006
arrived,1,2006
chief,1,2006
value,1,2006
heartless,1,2006
rational,1,2006
highways,1,2006
confidence,1,2006
dignity,1,2006
taxes,1,2006
civil,1,2006
glad,1,2006
clerical,1,2006
situation,1,2006
land,1,2006
unethical,1,2006
lands,1,2006
intend,1,2006
aim,1,2006
luxuries,1,2006
measured,1,2006
hamas,1,2006
behead,1,2006
homeland,1,2006
storm,1,2006
dictatorships,1,2006
hybrid,1,2006
matchless,1,2006
fulfillment,1,2006
full,1,2006
idealism,1,2006
march,1,2006
election,1,2006
reduced,1,2006
sponsors,1,2006
greatness,1,2006
eliminate,1,2006
preeminent,1,2006
commuters,1,2006
maze,1,2006
trust,1,2006
fend,1,2006
healthy,1,2006
priorities,1,2006
ambitious,1,2006
reflect,1,2006
providing,1,2006
vicious,1,2006
deficit,1,2006
temptations,1,2006
withdrawal,1,2006
increasing,1,2006
deeper,1,2006
skills,1,2006
housing,1,2006
modern,1,2006
ryan,1,2006
peoples,1,2006
commanders,1,2006
bless,1,2006
competes,1,2006
70000,1,2006
orderly,1,2006
purple,1,2006
official,1,2006
humbled,1,2006
fewer,1,2006
testing,1,2006
dollars,1,2006
bad,1,2006
inside,1,2006
addicted,1,2006
say,1,2006
guests,1,2006
reflects,1,2006
clays,1,2006
revolutionary,1,2006
solved,1,2006
escape,1,2006
shore,1,2006
